Paket_id,Vikt,Förtjänst,Deadline
2135738042,8.8,2,4
2135738043,4.5,4,0
2135738044,6.8,6,2
2135738045,7.5,5,2
2135738046,9.1,7,5
2135738047,5.8,4,1
2135738048,6.5,4,0
2135738049,8.1,5,-1
2135738051,8.5,5,2
2135738052,7.0,5,1
2135738053,7.5,3,2
2135738054,5.7,4,1
2135738055,6.0,7,2
2135738056,6.8,1,1
2135738057,5.8,6,3
2135738058,9.2,5,0
2135738059,4.3,3,3
2135738060,8.8,6,1
2135738062,1.9,5,3
2135738063,1.6,4,1
2135738064,9.7,5,2
2135738065,5.5,9,3
2135738066,4.8,5,1
2135738068,7.1,3,1
2135738069,9.9,8,3
2135738070,2.3,3,0
2135738071,7.9,6,2
2135738072,7.2,5,1
2135738073,9.3,5,1
2135738074,4.2,7,0
2135738075,7.5,7,0
2135738077,4.7,7,0
2135738078,7.5,7,0
2135738079,8.7,4,1
2135738080,6.7,4,5
2135738081,3.4,2,1
2135738082,7.0,5,4
2135738083,7.3,5,0
2135738084,6.0,4,0
2135738085,10.2,6,3
2135738086,8.6,8,4
2135738087,6.7,6,3
2135738088,7.4,4,1
2135738089,11.2,3,1
2135738090,2.9,6,4
2135738091,1.7,4,3
2135738092,6.8,7,0
2135738093,9.3,6,-1
2135738094,4.0,6,3
2135738095,7.2,3,2
2135738096,3.9,4,5
2135738097,7.5,7,-1
2135738098,4.5,6,2
2135738099,1.6,4,2
2135738100,8.0,5,0
2135738101,6.0,5,-2
2135738102,9.5,6,1
2135738103,8.2,2,1
2135738104,3.4,7,1
2135738105,6.0,1,-1
2135738106,3.4,5,-1
2135738107,4.2,8,4
2135738108,5.7,4,-2
2135738109,5.8,1,0
2135738110,3.9,4,2
2135738111,4.5,9,3
2135738112,9.6,4,3
2135738113,5.5,6,1
2135738114,6.7,6,3
2135738115,5.0,9,-1
2135738116,3.9,5,1
2135738117,7.8,10,0
2135738118,6.6,7,2
2135738119,4.8,7,2
2135738120,8.8,4,1
2135738121,3.2,2,1
2135738122,4.2,8,0
2135738123,7.3,5,0
2135738124,10.1,4,2
2135738125,5.4,7,1
2135738126,6.0,1,2
2135738127,8.8,4,0
2135738128,4.5,2,4
2135738129,1.6,8,3
2135738130,7.4,6,-1
2135738131,4.7,6,-1
2135738132,4.2,6,0
2135738133,8.3,4,3
2135738134,4.8,5,0
2135738135,6.1,8,2
2135738136,9.0,4,2
2135738137,3.9,3,1
2135738138,5.3,8,-2
2135738139,1.1,4,0
2135738140,6.0,6,1
2135738141,9.7,5,5
2135738142,4.0,4,3
2135738143,6.0,5,0
2135738144,3.1,8,1
2135738145,2.9,4,4
2135738146,3.6,9,0
2135738147,3.5,5,0
2135738148,6.2,8,1
2135738149,9.3,4,2
2135738150,9.7,2,2
2135738151,8.2,9,3
2135738152,4.8,5,0
2135738153,7.9,5,-1
2135738154,3.6,8,2
2135738155,6.6,5,2
2135738156,8.7,3,-1
2135738157,5.5,5,1
2135738158,6.1,6,1
2135738159,4.0,4,4
2135738160,9.4,5,0
2135738161,2.5,5,2
2135738162,6.2,4,2
2135738163,2.6,6,0
2135738164,2.6,7,1
2135738165,5.7,6,5
2135738166,8.3,7,1
2135738167,7.8,3,0
2135738168,3.2,10,0
2135738169,8.9,2,0
2135738170,8.9,6,0
2135738171,6.3,5,-1
2135738172,4.7,7,-1
2135738173,6.0,6,1
2135738174,7.7,4,2
2135738175,4.8,6,0
2135738176,6.5,3,5
2135738177,5.6,5,2
2135738178,8.8,7,3
2135738179,6.0,3,1
2135738180,8.3,6,1
2135738181,3.6,6,2
2135738182,2.5,5,2
2135738183,4.9,6,2
2135738184,7.6,7,0
2135738185,5.1,5,1
2135738186,1.6,8,3
2135738187,4.4,4,-1
2135738188,8.1,2,1
2135738189,9.3,4,-2
2135738190,6.1,8,3
2135738191,8.2,8,2
2135738192,8.0,3,0
2135738193,1.4,3,0
2135738194,8.8,6,3
2135738195,3.1,5,1
2135738196,10.8,2,3
2135738197,6.2,6,-2
2135738198,3.5,4,-2
2135738199,7.0,4,0
2135738200,9.9,7,1
2135738201,3.7,6,0
2135738202,9.8,6,0
2135738203,10.2,5,0
2135738204,6.7,2,2
2135738205,9.9,3,2
2135738206,6.9,5,2
2135738207,6.8,9,1
2135738208,10.5,7,3
2135738209,8.0,3,2
2135738210,9.8,8,1
2135738211,6.0,6,2
2135738212,9.3,7,0
2135738213,3.9,3,-2
2135738214,9.9,7,-1
2135738215,4.8,5,4
2135738216,8.8,7,3
2135738217,10.8,5,2
2135738218,6.0,6,2
2135738219,6.2,7,3
2135738220,7.9,6,-1
2135738221,3.5,3,1
2135738222,5.0,6,2
2135738223,7.7,5,0
2135738224,1.4,6,2
2135738225,5.8,8,5
2135738226,5.3,5,4
2135738227,4.7,4,1
2135738228,3.7,5,0
2135738229,3.4,5,1
2135738230,3.2,5,0
2135738231,8.8,7,2
2135738232,5.8,5,2
2135738233,9.2,5,1
2135738234,7.3,6,2
2135738235,8.3,9,1
2135738236,6.4,7,0
2135738237,1.6,4,3
2135738238,3.5,6,1
2135738239,7.8,2,2
2135738240,7.0,5,-1
2135738241,6.7,5,3
2135738242,7.0,2,3
2135738243,6.3,2,3
2135738244,7.0,4,1
2135738245,6.2,9,-2
2135738246,4.3,2,2
2135738247,9.5,7,-1
2135738248,8.9,5,1
2135738249,10.9,7,3
2135738250,7.8,9,1
2135738251,2.9,6,0
2135738252,5.4,6,0
2135738253,4.5,4,1
2135738254,7.2,6,0
2135738255,4.5,5,1
2135738256,4.0,3,3
2135738257,5.0,5,-1
2135738258,3.0,8,3
2135738259,4.8,4,2
2135738260,1.8,4,0
2135738261,7.4,4,0
2135738262,7.5,6,0
2135738263,3.9,5,1
2135738264,6.7,6,2
2135738265,7.2,6,0
2135738266,3.3,3,3
2135738267,6.8,10,4
2135738268,1.6,6,1
2135738269,2.6,6,0
2135738270,7.0,7,2
2135738271,3.8,6,-2
2135738272,10.6,4,3
2135738273,2.7,4,2
2135738274,2.1,3,-1
2135738275,5.7,3,1
2135738276,5.8,5,2
2135738277,7.8,4,0
2135738278,4.8,2,0
2135738279,9.1,8,1
2135738280,3.5,5,5
2135738281,4.2,5,0
2135738282,4.2,6,2
2135738283,2.1,4,3
2135738284,2.6,3,2
2135738285,7.8,4,2
2135738286,3.0,2,2
2135738287,7.2,5,-1
2135738288,8.1,4,3
2135738289,8.0,10,0
2135738290,8.8,3,1
2135738291,3.9,6,0
2135738292,9.4,2,2
2135738293,8.0,4,0
2135738294,6.4,7,1
2135738295,7.4,2,3
2135738296,6.9,5,4
2135738297,6.9,9,-1
2135738298,5.9,7,0
2135738299,10.3,7,2
2135738300,7.5,2,1
2135738301,6.0,6,0
2135738302,10.3,9,2
2135738303,6.8,4,-1
2135738304,4.5,4,1
2135738305,3.8,8,3
2135738306,4.2,2,-1
2135738307,2.4,7,0
2135738308,9.2,6,1
2135738309,9.8,5,2
2135738310,8.4,6,1
2135738311,6.8,4,0
2135738312,6.0,1,3
2135738313,4.0,5,2
2135738314,4.5,3,1
2135738315,6.5,3,-1
2135738316,7.0,6,-1
2135738317,5.9,6,1
2135738318,7.2,5,1
2135738319,8.9,6,2
2135738320,2.8,9,3
2135738321,6.8,7,3
2135738322,5.1,7,4
2135738323,2.2,6,2
2135738324,6.3,5,0
2135738325,7.8,5,2
2135738326,4.8,5,1
2135738327,6.1,3,3
2135738328,2.6,2,0
2135738329,5.5,4,2
2135738330,9.7,7,2
2135738331,8.4,7,0
2135738332,3.4,6,2
2135738333,4.7,3,0
2135738334,5.8,3,2
2135738335,7.7,1,2
2135738336,7.6,4,2
2135738337,4.5,3,3
2135738338,8.0,8,-2
2135738339,7.3,7,1
2135738340,8.6,7,4
2135738341,8.3,7,4
2135738342,3.4,7,0
2135738343,5.2,8,4
2135738344,4.3,8,0
2135738345,9.4,5,2
2135738346,5.2,8,2
2135738347,9.7,1,2
2135738348,3.1,4,0
2135738349,9.3,6,0
2135738350,6.0,3,1
2135738351,6.6,6,0
2135738352,4.7,6,1
2135738353,4.9,8,4
2135738354,9.9,5,3
2135738355,8.4,4,1
2135738356,3.5,2,0
2135738357,5.0,8,0
2135738358,3.6,4,0
2135738359,5.2,3,3
2135738360,7.4,3,2
2135738361,8.4,6,2
2135738362,6.8,1,3
2135738363,3.7,2,3
2135738364,9.1,6,1
2135738365,8.5,5,0
2135738366,5.6,5,0
2135738367,8.7,7,2
2135738368,3.5,1,0
2135738369,9.2,5,4
2135738370,8.4,5,0
2135738371,10.1,9,-1
2135738372,8.2,1,4
2135738373,3.7,5,5
2135738374,4.2,6,1
2135738375,8.2,8,2
2135738376,4.0,3,3
2135738377,9.4,2,2
2135738378,5.7,5,3
2135738379,7.4,8,0
2135738380,4.2,6,4
2135738381,3.6,1,2
2135738382,8.2,6,1
2135738383,9.3,3,1
2135738384,4.9,5,2
2135738385,7.2,2,2
2135738386,4.4,6,4
2135738387,6.8,4,-1
2135738388,8.8,4,2
2135738389,4.5,2,3
2135738390,9.0,2,1
2135738391,6.7,6,-1
2135738392,4.1,4,-1
2135738393,6.6,5,2
2135738394,6.8,5,3
2135738395,3.3,5,2
2135738396,4.0,3,0
2135738397,8.3,5,-1
2135738398,3.0,6,1
2135738399,4.2,6,1
2135738400,4.6,4,1
2135738401,3.2,4,0
2135738402,8.4,2,2
2135738403,6.8,6,3
2135738404,5.0,7,0
2135738405,4.2,5,0
2135738406,6.8,4,0
2135738407,9.2,6,2
2135738408,5.5,1,-1
2135738409,5.6,1,-2
2135738410,7.7,7,0
2135738411,6.9,4,2
2135738412,4.2,9,0
2135738413,6.4,5,1
2135738414,11.4,8,0
2135738415,7.3,3,5
2135738416,7.2,7,2
2135738417,5.5,5,0
2135738418,5.7,3,2
2135738419,2.4,7,0
2135738420,4.6,5,4
2135738421,4.4,4,5
2135738422,5.4,7,1
2135738423,10.8,8,2
2135738424,2.5,4,0
2135738425,5.0,10,0
2135738426,4.2,4,3
2135738427,6.0,5,-1
2135738428,6.0,3,2
2135738429,8.1,9,0
2135738430,5.2,6,1
2135738431,6.9,8,-1
2135738432,9.7,3,2
2135738433,8.6,5,3
2135738434,4.2,4,3
2135738435,8.3,5,3
2135738436,7.3,7,2
2135738437,10.4,4,2
2135738438,3.0,8,1
2135738439,9.9,8,1
2135738440,7.2,1,4
2135738441,9.5,5,-1
2135738442,6.5,5,3
2135738443,7.9,6,1
2135738444,5.0,7,4
2135738445,6.2,3,2
2135738446,7.1,6,1
2135738447,3.8,5,2
2135738448,7.0,4,4
2135738449,6.3,3,0
2135738450,7.0,6,2
2135738451,7.0,5,1
2135738452,8.9,8,-1
2135738453,8.0,9,-1
2135738454,4.9,7,0
2135738455,10.9,3,1
2135738456,7.5,5,2
2135738457,4.7,5,0
2135738458,1.1,4,5
2135738459,8.1,4,0
2135738460,7.1,10,5
2135738461,5.2,6,1
2135738462,7.7,3,1
2135738463,7.8,6,1
2135738464,2.0,4,2
2135738465,7.7,5,1
2135738466,8.2,5,3
2135738467,9.2,4,5
2135738468,5.8,4,0
2135738469,3.4,3,0
2135738470,5.3,5,1
2135738471,2.7,3,2
2135738472,7.7,5,1
2135738473,6.4,7,1
2135738474,6.1,4,-1
2135738475,7.2,2,2
2135738476,2.4,10,4
2135738477,4.5,8,3
2135738478,7.3,5,2
2135738479,7.3,4,2
2135738480,9.7,2,0
2135738481,8.7,7,3
2135738482,5.9,6,3
2135738483,6.5,3,2
2135738484,6.8,6,4
2135738485,6.2,6,0
2135738486,7.0,5,4
2135738487,7.0,6,3
2135738488,7.5,6,4
2135738489,1.9,7,1
2135738490,7.8,3,0
2135738491,4.2,5,2
2135738492,10.6,2,0
2135738493,7.2,7,3
2135738494,7.0,5,0
2135738495,4.2,7,1
2135738496,6.1,6,4
2135738497,4.8,9,1
2135738498,6.2,8,1
2135738499,4.7,4,1
2135738500,3.8,7,1
2135738501,4.8,7,0
2135738502,6.8,8,0
2135738503,7.7,6,2
2135738504,3.1,3,3
2135738505,9.6,7,1
2135738506,3.8,6,4
2135738507,9.8,2,0
2135738508,9.6,4,0
2135738509,5.6,7,0
2135738510,9.2,2,0
2135738511,3.4,6,1
2135738512,2.9,5,3
2135738513,2.9,7,3
2135738514,6.0,4,0
2135738515,2.7,4,2
2135738516,5.5,3,4
2135738517,8.7,6,-1
2135738518,6.2,9,-2
2135738519,3.5,6,-1
2135738520,7.6,3,2
2135738521,9.9,6,0
2135738522,6.9,4,3
2135738523,6.9,5,2
2135738524,7.0,4,-1
2135738525,7.0,5,1
2135738526,6.8,4,3
2135738527,8.4,4,-1
2135738528,5.2,3,3
2135738529,2.7,8,2
2135738530,6.4,4,2
2135738531,7.0,4,2
2135738532,5.5,5,1
2135738533,9.6,5,0
2135738534,5.3,2,-2
2135738535,4.7,6,2
2135738536,8.4,7,-1
2135738537,5.8,6,0
2135738538,6.1,8,3
2135738539,6.1,2,1
2135738540,6.2,4,1
2135738541,9.5,7,0
2135738542,7.3,4,0
2135738543,4.3,10,3
2135738544,3.2,6,2
2135738545,8.2,4,-1
2135738546,6.3,7,4
2135738547,8.6,7,2
2135738548,9.4,8,2
2135738549,6.9,5,2
2135738550,2.4,6,2
2135738551,9.2,6,1
2135738552,8.8,3,2
2135738553,8.2,5,-2
2135738554,7.7,2,2
2135738555,4.0,5,-2
2135738556,4.4,4,0
2135738557,3.8,3,2
2135738558,7.0,3,3
2135738559,8.7,9,2
2135738560,4.5,4,2
2135738561,9.3,5,0
2135738562,7.5,3,0
2135738563,5.0,5,3
2135738564,6.4,3,-1
2135738565,8.4,4,3
2135738566,4.5,9,2
2135738567,5.1,5,2
2135738568,2.6,4,4
2135738569,3.9,6,1
2135738570,7.0,6,2
2135738571,6.4,4,2
2135738572,8.9,5,0
2135738573,9.4,3,2
2135738574,10.0,3,-1
2135738575,3.5,4,-2
2135738576,8.9,8,3
2135738577,9.8,8,4
2135738578,4.0,6,-1
2135738579,5.2,8,0
2135738580,6.0,3,0
2135738581,2.6,3,0
2135738582,7.5,6,2
2135738583,6.2,8,3
2135738584,4.8,4,1
2135738585,1.9,8,0
2135738586,5.4,3,0
2135738587,3.6,1,-1
2135738588,4.0,8,4
2135738589,3.4,7,0
2135738590,8.2,5,3
2135738591,3.2,6,1
2135738592,5.0,3,0
2135738593,1.3,6,0
2135738594,9.1,4,2
2135738595,1.9,1,1
2135738596,1.8,6,1
2135738597,9.4,3,-1
2135738598,7.5,4,0
2135738599,3.2,9,0
2135738600,7.0,7,2
2135738601,9.9,7,0
2135738602,8.0,5,1
2135738603,4.8,3,-2
2135738604,9.9,4,0
2135738605,7.5,7,0
2135738606,6.0,5,0
2135738607,2.0,7,3
2135738608,5.0,6,2
2135738609,8.7,7,4
2135738610,4.2,4,1
2135738611,6.3,8,0
2135738612,3.5,7,0
2135738613,3.6,4,4
2135738614,3.0,9,5
2135738615,5.5,4,2
2135738616,7.0,7,4
2135738617,9.0,6,4
2135738618,8.3,6,4
2135738619,1.9,8,0
2135738620,5.9,4,2
2135738621,1.9,6,2
2135738622,6.3,8,3
2135738623,6.9,5,3
2135738624,9.9,6,3
2135738625,2.2,8,3
2135738626,8.7,6,4
2135738627,10.1,8,0
2135738628,5.3,6,-1
2135738629,10.6,4,3
2135738630,5.5,2,2
2135738631,3.4,8,1
2135738632,6.3,5,2
2135738633,5.0,6,0
2135738634,6.2,6,2
2135738635,8.3,2,2
2135738636,5.0,6,2
2135738637,5.0,6,2
2135738638,7.5,2,0
2135738639,5.4,3,4
2135738640,4.2,6,2
2135738641,7.5,5,0
2135738642,3.0,6,1
2135738643,4.7,7,0
2135738644,6.2,4,3
2135738645,9.0,3,0
2135738646,6.1,7,1
2135738647,7.8,8,2
2135738648,5.0,9,0
2135738649,10.1,6,4
2135738650,4.0,3,1
2135738651,5.4,6,1
2135738652,5.5,7,0
2135738653,7.2,5,0
2135738654,7.0,6,2
2135738655,5.9,7,1
2135738656,6.0,4,0
2135738657,9.2,6,2
2135738658,6.2,10,1
2135738659,5.8,4,4
2135738660,9.2,4,3
2135738661,5.3,3,1
2135738662,8.0,6,3
2135738663,7.9,8,0
2135738664,8.1,6,1
2135738665,6.0,3,1
2135738666,2.1,6,-1
2135738667,8.2,5,-2
2135738668,2.5,5,3
2135738669,3.1,2,3
2135738670,3.8,4,1
2135738671,3.4,2,1
2135738672,6.2,7,2
2135738673,8.2,5,1
2135738674,4.5,5,1
2135738675,4.8,7,0
2135738676,7.5,4,0
2135738677,9.9,4,1
2135738678,8.8,9,-1
2135738679,6.4,9,3
2135738680,3.5,7,1
2135738681,7.8,7,3
2135738682,4.8,2,1
2135738683,5.3,6,2
2135738684,7.9,7,0
2135738685,3.0,3,4
2135738686,5.2,5,2
2135738687,8.9,7,2
2135738688,9.1,6,-2
2135738689,11.1,7,1
2135738690,5.3,2,0
2135738691,4.7,6,0
2135738692,2.9,5,2
2135738693,9.3,5,-1
2135738694,4.3,8,2
2135738695,7.9,3,-1
2135738696,3.1,2,2
2135738697,7.2,7,2
2135738698,3.8,5,3
2135738699,6.7,6,3
2135738700,6.1,3,1
2135738701,5.5,8,3
2135738702,4.1,3,4
2135738703,4.3,7,1
2135738704,7.4,7,0
2135738705,8.8,4,3
2135738706,8.0,2,-1
2135738707,4.8,8,2
2135738708,6.4,3,4
2135738709,9.4,9,1
2135738710,10.6,3,0
2135738711,9.5,3,0
2135738712,5.3,8,2
2135738713,4.7,9,2
2135738714,8.2,4,3
2135738715,7.7,2,3
2135738716,9.3,4,2
2135738717,3.8,9,0
2135738718,3.0,6,0
2135738719,3.5,8,0
2135738720,8.2,7,0
2135738721,4.8,5,4
2135738722,4.6,2,3
2135738723,4.8,9,4
2135738724,6.7,4,1
2135738725,7.5,3,0
2135738726,3.0,6,4
2135738727,4.7,2,4
2135738728,5.5,5,2
2135738729,3.8,8,3
2135738730,6.5,8,0
2135738731,10.1,2,0
2135738732,9.0,5,1
2135738733,7.0,3,1
2135738734,2.4,5,2
2135738735,5.4,4,0
2135738736,5.8,7,2
2135738737,3.1,8,0
2135738738,6.3,1,1
2135738739,4.8,5,3
2135738740,4.5,7,2
2135738741,7.3,6,-2
2135738742,4.7,7,2
2135738743,8.0,6,2
2135738744,7.7,4,2
2135738745,2.4,7,0
2135738746,4.6,7,0
2135738747,7.8,8,3
2135738748,4.1,6,-1
2135738749,6.0,6,3
2135738750,7.8,8,2
2135738751,3.0,7,2
2135738752,7.0,4,0
2135738753,8.8,4,2
2135738754,10.9,4,0
2135738755,3.6,6,0
2135738756,10.8,1,4
2135738757,7.5,6,2
2135738758,10.2,7,1
2135738759,5.3,6,0
2135738760,5.0,5,2
2135738761,6.8,2,3
2135738762,4.0,6,2
2135738763,8.0,3,1
2135738764,8.8,9,0
2135738765,8.0,3,2
2135738766,2.3,6,1
2135738767,8.0,7,2
2135738768,6.0,7,0
2135738769,2.6,3,4
2135738770,9.4,2,-1
2135738771,1.4,8,2
2135738772,4.5,5,0
2135738773,3.9,7,1
2135738774,8.4,6,2
2135738775,9.1,6,1
2135738776,3.0,5,1
2135738777,4.7,7,0
2135738778,7.5,6,1
2135738779,10.2,8,1
2135738780,4.8,6,3
2135738781,4.4,5,1
2135738782,7.3,4,2
2135738783,5.5,7,1
2135738784,8.9,4,0
2135738785,6.7,1,-1
2135738786,4.8,5,1
2135738787,3.1,5,0
2135738788,9.1,5,2
2135738789,10.4,7,0
2135738790,2.1,5,3
2135738791,9.3,3,4
2135738792,10.8,8,2
2135738793,6.1,6,1
2135738794,2.1,4,2
2135738795,8.6,1,1
2135738796,8.9,7,0
2135738797,3.6,4,0
2135738798,5.6,6,1
2135738799,5.0,7,2
2135738800,8.1,4,0
2135738801,5.7,9,1
2135738802,5.2,7,0
2135738803,7.2,5,2
2135738804,9.6,7,0
2135738805,2.9,7,-1
2135738806,3.8,6,4
2135738807,8.0,4,3
2135738808,2.8,9,2
2135738809,5.5,7,3
2135738810,8.4,4,1
2135738811,3.6,3,0
2135738812,5.5,7,1
2135738813,6.0,6,4
2135738814,7.0,7,1
2135738815,2.7,5,2
2135738816,3.5,2,1
2135738817,3.5,2,0
2135738818,3.8,3,3
2135738819,8.9,8,0
2135738820,4.5,8,4
2135738821,5.6,9,0
2135738822,7.4,4,-1
2135738823,5.2,5,-1
2135738824,7.4,5,0
2135738825,10.4,6,2
2135738826,9.1,6,1
2135738827,8.8,6,-2
2135738828,4.0,6,1
2135738829,8.7,2,0
2135738830,6.0,2,2
2135738831,11.3,3,1
2135738832,3.7,4,4
2135738833,6.9,4,3
2135738834,6.8,4,2
2135738835,4.3,5,3
2135738836,9.9,6,0
2135738837,1.9,3,0
2135738838,7.5,2,2
2135738839,10.4,8,1
2135738840,5.0,7,1
2135738841,5.3,6,2
2135738842,5.8,8,1
2135738843,7.5,5,1
2135738844,3.9,5,3
2135738845,7.8,5,-2
2135738846,9.2,2,-1
2135738847,2.0,2,2
2135738848,6.5,3,0
2135738849,2.6,6,5
2135738850,3.4,2,4
2135738851,7.3,8,2
2135738852,4.2,5,1
2135738853,3.6,7,4
2135738854,10.5,3,-1
2135738855,6.8,4,0
2135738856,7.9,6,3
2135738857,1.8,8,0
2135738858,3.8,8,2
2135738859,5.5,5,3
2135738860,6.2,8,1
2135738861,6.4,2,4
2135738862,4.8,3,2
2135738863,8.9,4,1
2135738864,8.1,5,3
2135738865,8.2,5,2
2135738866,7.2,5,1
2135738867,5.5,10,2
2135738868,3.2,3,4
2135738869,10.0,6,3
2135738870,2.6,6,4
2135738871,7.8,9,2
2135738872,8.7,4,2
2135738873,8.2,3,0
2135738874,6.5,9,3
2135738875,8.0,9,0
2135738876,7.1,5,0
2135738877,8.2,3,4
2135738878,2.8,3,2
2135738879,6.5,5,4
2135738880,7.5,7,1
2135738881,6.0,4,1
2135738882,5.1,4,0
2135738883,8.8,4,4
2135738884,4.5,3,1
2135738885,9.8,7,1
2135738886,7.2,2,1
2135738887,5.9,4,0
2135738888,8.2,8,0
2135738889,7.7,4,3
2135738890,6.0,5,2
2135738891,5.2,6,1
2135738892,1.7,6,1
2135738893,5.0,4,3
2135738894,4.2,7,0
2135738895,6.1,4,1
2135738896,1.6,7,0
2135738897,4.8,6,0
2135738898,5.8,8,0
2135738899,9.6,3,4
2135738900,9.3,5,2
2135738901,4.2,7,0
2135738902,9.6,1,0
2135738903,4.8,3,3
2135738904,4.8,8,3
2135738905,5.6,3,0
2135738906,6.8,4,1
2135738907,7.8,5,3
2135738908,3.4,9,1
2135738909,6.8,5,1
2135738910,8.2,5,0
2135738911,8.7,5,2
2135738912,5.5,5,2
2135738913,6.8,9,0
2135738914,9.3,3,4
2135738915,8.4,4,1
2135738916,6.6,3,0
2135738917,10.2,9,-2
2135738918,4.9,6,0
2135738919,8.7,6,2
2135738920,7.5,5,3
2135738921,8.1,4,1
2135738922,5.7,5,2
2135738923,3.8,4,0
2135738924,2.1,5,1
2135738925,7.5,9,1
2135738926,4.8,5,2
2135738927,7.6,2,0
2135738928,6.4,5,0
2135738929,9.3,10,3
2135738930,5.5,7,3
2135738931,9.8,1,3
2135738932,6.6,7,3
2135738933,6.0,10,3
2135738934,4.9,5,3
2135738935,6.1,7,3
2135738936,9.3,4,1
2135738937,7.7,4,3
2135738938,10.4,5,2
2135738939,4.1,6,3
2135738940,8.6,1,2
2135738941,4.6,8,1
2135738942,7.0,2,0
2135738943,6.6,6,1
2135738944,7.0,8,1
2135738945,8.1,2,0
2135738946,4.3,7,3
2135738947,8.6,4,3
2135738948,11.2,8,2
2135738949,3.1,4,4
2135738950,9.6,9,3
2135738951,6.2,7,1
2135738952,8.2,6,4
2135738953,6.0,3,3
2135738954,5.7,6,1
2135738955,7.3,7,0
2135738956,8.8,5,2
2135738957,7.2,7,0
2135738958,9.9,8,2
2135738959,4.5,5,5
2135738960,5.6,6,1
2135738961,8.5,9,4
2135738962,9.0,3,0
2135738963,8.3,7,0
2135738964,10.0,6,0
2135738965,7.9,6,-1
2135738966,6.5,3,1
2135738967,6.2,5,2
2135738968,8.0,8,4
2135738969,5.1,8,4
2135738970,9.9,6,2
2135738971,7.5,9,0
2135738972,3.4,7,1
2135738973,4.7,6,-2
2135738974,5.0,5,2
2135738975,6.3,1,0
2135738976,6.8,5,0
2135738977,8.4,5,0
2135738978,10.2,6,2
2135738979,4.0,5,1
2135738980,3.1,7,3
2135738981,9.4,6,2
2135738982,8.4,8,1
2135738983,8.6,4,1
2135738984,3.8,6,0
2135738985,7.2,4,0
2135738986,6.2,6,4
2135738987,1.2,4,2
2135738988,5.2,8,2
2135738989,5.8,2,1
2135738990,7.0,1,1
2135738991,7.8,2,1
2135738992,4.6,6,0
2135738993,8.1,9,2
2135738994,4.3,4,-1
2135738995,8.2,3,0
2135738996,6.2,9,1
2135738997,8.3,9,3
2135738998,4.5,8,1
2135738999,6.5,7,1
2135739000,2.5,7,2
2135739001,4.5,4,3
2135739002,4.3,7,2
2135739003,5.0,5,0
2135739004,5.2,4,2
2135739005,4.0,1,2
2135739006,9.7,8,1
2135739007,2.4,6,1
2135739008,8.0,8,1
2135739009,5.2,5,4
2135739010,7.3,5,3
2135739011,8.3,2,2
2135739012,10.2,6,2
2135739013,7.8,7,1
2135739014,8.9,3,2
2135739015,5.0,5,2
2135739016,3.1,6,3
2135739017,3.4,8,1
2135739018,7.1,1,0
2135739019,1.6,5,3
2135739020,3.0,8,4
2135739021,6.9,7,1
2135739022,6.7,4,2
2135739023,4.3,9,-1
2135739024,5.3,1,0
2135739025,4.8,8,0
2135739026,8.4,5,2
2135739027,4.0,6,2
2135739028,9.4,5,0
2135739029,2.6,6,1
2135739030,3.5,6,3
2135739031,6.6,5,1
2135739032,5.4,8,2
2135739033,2.9,6,2
2135739034,2.4,10,2
2135739035,8.3,7,1
2135739036,10.8,4,1
2135739037,8.0,8,1
2135739038,8.3,4,2
2135739039,7.3,8,0
2135739040,6.9,8,0
2135739041,7.9,3,4
2135739042,7.0,6,0
2135739043,6.8,6,4
2135739044,6.2,4,-1
2135739045,4.5,5,-2
2135739046,6.0,7,0
2135739047,9.3,5,2
2135739048,5.4,6,1
2135739049,6.4,4,3
2135739050,6.7,3,0
2135739051,7.2,5,0
2135739052,6.2,5,2
2135739053,6.5,7,2
2135739054,7.2,2,3
2135739055,1.4,4,4
2135739056,4.2,9,4
2135739057,10.1,2,0
2135739058,7.7,5,0
2135739059,6.8,9,0
2135739060,8.1,8,1
2135739061,4.5,4,2
2135739062,7.2,7,2
2135739063,2.3,4,-1
2135739064,2.9,8,-1
2135739065,3.5,5,-1
2135739066,4.5,9,-1
2135739067,8.8,10,2
2135739068,7.3,6,3
2135739069,5.0,2,3
2135739070,9.4,2,0
2135739071,7.5,9,1
2135739072,7.2,4,0
2135739073,4.0,4,1
2135739074,5.9,4,0
2135739075,8.2,2,4
2135739076,8.6,3,-2
2135739077,4.0,6,3
2135739078,5.2,8,5
2135739079,9.2,8,2
2135739080,10.6,8,2
2135739081,5.9,9,0
2135739082,10.4,5,0
2135739083,8.3,7,2
2135739084,8.8,6,5
2135739085,10.8,9,1
2135739086,9.4,4,0
2135739087,7.8,5,-1
2135739088,8.3,3,1
2135739089,2.9,5,3
2135739090,8.7,6,3
2135739091,7.8,5,2
2135739092,7.5,10,0
2135739093,5.9,8,-1
2135739094,6.0,4,2
2135739095,5.8,5,0
2135739096,6.2,6,1
2135739097,6.3,1,1
2135739098,7.1,4,2
2135739099,8.4,6,4
2135739100,5.5,8,1
2135739101,9.1,8,1
2135739102,3.7,5,1
2135739103,4.2,5,2
2135739104,10.4,6,1
2135739105,6.2,3,-1
2135739106,8.3,4,2
2135739107,8.4,5,2
2135739108,4.4,7,-1
2135739109,3.9,7,0
2135739110,3.3,7,2
2135739111,1.9,8,1
2135739112,4.5,5,1
2135739113,6.3,5,1
2135739114,5.8,5,-1
2135739115,7.0,5,0
2135739116,9.8,5,0
2135739117,7.5,2,1
2135739118,2.9,4,2
2135739119,3.9,8,-2
2135739120,3.6,4,0
2135739121,5.2,1,4
2135739122,8.6,6,4
2135739123,7.2,3,1
2135739124,7.9,5,4
2135739125,5.2,6,0
2135739126,2.4,4,3
2135739127,6.0,6,2
2135739128,10.0,4,0
2135739129,7.2,7,-1
2135739130,4.7,7,2
2135739131,3.1,5,2
2135739132,7.5,5,4
2135739133,5.3,9,2
2135739134,6.8,8,-1
2135739135,5.3,8,-1
2135739136,9.8,6,2
2135739137,6.5,8,2
2135739138,8.6,5,2
2135739139,8.5,1,2
2135739140,10.1,6,4
2135739141,6.5,8,1
2135739142,6.3,8,2
2135739143,10.8,5,0
2135739144,6.0,7,4
2135739145,8.1,4,0
2135739146,2.5,6,4
2135739147,6.1,3,2
2135739148,4.2,3,1
2135739149,6.1,9,0
2135739150,7.5,4,0
2135739151,10.8,3,0
2135739152,8.6,4,-1
2135739153,6.5,6,3
2135739154,6.3,8,2
2135739155,10.2,5,2
2135739156,10.3,8,-1
2135739157,6.3,2,-1
2135739158,6.7,3,2
2135739159,5.3,7,4
2135739160,6.6,5,0
2135739161,2.9,7,3
2135739162,3.8,5,1
2135739163,5.0,5,1
2135739164,6.2,6,4
2135739165,9.1,4,0
2135739166,7.9,5,1
2135739167,7.5,3,2
2135739168,2.9,3,1
2135739169,7.0,9,4
2135739170,5.3,5,1
2135739171,4.0,5,4
2135739172,4.9,5,0
2135739173,7.7,5,3
2135739174,7.7,3,0
2135739175,5.0,5,0
2135739176,8.7,6,0
2135739177,6.3,3,2
2135739178,2.6,5,1
2135739179,5.2,9,3
2135739180,6.3,6,1
2135739181,8.5,3,2
2135739182,5.4,7,4
2135739183,7.3,6,0
2135739184,5.5,2,4
2135739185,8.4,2,2
2135739186,8.4,5,0
2135739187,4.0,4,0
2135739188,2.5,8,3
2135739189,9.9,8,4
2135739190,4.7,8,0
2135739191,5.3,6,2
2135739192,5.0,1,1
2135739193,4.3,6,1
2135739194,9.9,7,2
2135739195,4.7,2,0
2135739196,4.7,4,2
2135739197,7.0,6,2
2135739198,9.5,9,2
2135739199,4.2,2,2
2135739200,1.7,8,2
2135739201,7.5,2,-1
2135739202,7.0,6,1
2135739203,7.0,6,0
2135739204,2.8,8,3
2135739205,8.7,5,1
2135739206,6.3,6,3
2135739207,10.2,4,1
2135739208,10.2,5,1
2135739209,7.9,4,4
2135739210,3.6,6,1
2135739211,6.2,6,1
2135739212,6.8,3,0
2135739213,5.6,5,3
2135739214,10.4,8,1
2135739215,5.8,5,2
2135739216,4.2,4,0
2135739217,4.9,8,1
2135739218,10.0,6,1
2135739219,7.0,5,-1
2135739220,5.4,5,-1
2135739221,5.2,6,3
2135739222,9.7,6,0
2135739223,6.3,2,1
2135739224,3.5,3,2
2135739225,8.8,4,1
2135739226,4.3,4,0
2135739227,8.4,6,1
2135739228,7.8,4,2
2135739229,3.9,6,4
2135739230,5.0,6,1
2135739231,8.5,7,-1
2135739232,7.3,6,1
2135739233,9.5,4,0
2135739234,8.2,6,4
2135739235,4.1,5,2
2135739236,4.2,9,4
2135739237,8.1,3,2
2135739238,9.7,4,0
2135739239,4.9,8,5
2135739240,2.5,3,0
2135739241,8.2,7,1
2135739242,5.9,1,1
2135739243,9.9,4,0
2135739244,7.1,5,0
2135739245,6.3,9,4
2135739246,8.4,3,4
2135739247,4.0,6,3
2135739248,1.4,6,0
2135739249,4.5,4,1
2135739250,4.5,6,1
2135739251,4.2,6,0
2135739252,2.2,2,3
2135739253,6.3,4,0
2135739254,10.9,6,0
2135739255,5.5,6,0
2135739256,6.4,4,0
2135739257,10.9,6,2
2135739258,8.8,3,0
2135739259,8.3,6,3
2135739260,8.4,8,1
2135739261,6.2,2,3
2135739262,7.2,4,2
2135739263,7.5,1,4
2135739264,6.2,4,0
2135739265,8.0,6,-1
2135739266,5.5,3,1
2135739267,9.0,7,2
2135739268,8.8,4,1
2135739269,8.1,5,2
2135739270,1.4,7,2
2135739271,8.2,5,0
2135739272,8.2,7,4
2135739273,8.5,3,4
2135739274,8.3,4,0
2135739275,2.7,8,1
2135739276,5.7,4,0
2135739277,8.3,6,3
2135739278,7.5,8,1
2135739279,9.0,3,0
2135739280,9.3,3,-2
2135739281,8.3,9,5
2135739282,7.9,3,0
2135739283,4.3,8,3
2135739284,6.6,4,-1
2135739285,3.2,4,-2
2135739286,8.8,5,5
2135739287,2.5,9,2
2135739288,3.0,8,1
2135739289,4.7,5,0
2135739290,6.2,9,0
2135739291,4.7,4,3
2135739292,9.2,5,2
2135739293,7.4,6,5
2135739294,9.6,8,2
2135739295,4.2,6,0
2135739296,9.4,7,1
2135739297,3.0,6,3
2135739298,5.4,5,0
2135739299,7.4,6,3
2135739300,7.5,8,0
2135739301,9.2,8,3
2135739302,6.0,3,2
2135739303,6.5,2,1
2135739304,3.6,5,1
2135739305,3.8,5,0
2135739306,3.2,7,1
2135739307,6.3,2,3
2135739308,7.5,4,0
2135739309,7.3,8,0
2135739310,4.8,4,2
2135739311,4.1,7,1
2135739312,4.9,5,-1
2135739313,5.0,5,1
2135739314,8.9,7,0
2135739315,6.5,5,1
2135739316,8.6,6,2
2135739317,6.3,9,2
2135739318,2.1,2,-1
2135739319,2.1,8,3
2135739320,8.0,6,-1
2135739321,2.0,6,0
2135739322,4.2,5,1
2135739323,8.8,10,2
2135739324,8.9,6,1
2135739325,7.2,2,5
2135739326,5.0,5,-2
2135739327,7.7,4,4
2135739328,6.8,10,1
2135739329,3.3,8,2
2135739330,4.3,6,0
2135739331,10.7,2,-1
2135739332,4.0,5,3
2135739333,6.2,7,-1
2135739334,5.5,9,1
2135739335,6.5,5,4
2135739336,5.8,3,0
2135739337,3.0,4,2
2135739338,5.7,8,1
2135739339,7.0,2,0
2135739340,9.2,6,1
2135739341,6.2,7,3
2135739342,6.3,4,2
2135739343,9.2,6,4
2135739344,3.0,4,1
2135739345,9.7,3,2
2135739346,4.0,1,3
2135739347,2.5,5,3
2135739348,9.1,5,3
2135739349,8.1,5,-1
2135739350,5.6,5,0
2135739351,6.1,7,2
2135739352,7.0,4,2
2135739353,8.8,3,3
2135739354,2.1,6,0
2135739355,5.3,1,0
2135739356,2.1,6,4
2135739357,8.8,4,2
2135739358,8.3,6,1
2135739359,1.7,9,-1
2135739360,9.8,10,1
2135739361,7.5,6,4
2135739362,8.9,5,1
2135739363,10.7,5,1
2135739364,9.7,5,0
2135739365,4.0,2,3
2135739366,6.7,7,2
2135739367,10.0,4,3
2135739368,5.5,5,0
2135739369,6.0,1,2
2135739370,2.2,4,3
2135739371,7.8,3,0
2135739372,5.8,7,4
2135739373,7.5,4,1
2135739374,4.8,7,0
2135739375,7.8,5,-1
2135739376,9.3,3,0
2135739377,6.5,6,-1
2135739378,7.0,1,4
2135739379,5.7,4,0
2135739380,7.3,3,2
2135739381,6.8,7,1
2135739382,5.7,3,0
2135739383,5.7,5,4
2135739384,4.0,10,2
2135739385,5.6,7,1
2135739386,3.2,7,1
2135739387,6.7,9,4
2135739388,5.0,5,3
2135739389,5.5,3,2
2135739390,3.8,9,0
2135739391,8.3,7,1
2135739392,8.8,5,1
2135739393,10.4,7,1
2135739394,3.8,8,3
2135739395,4.1,5,1
2135739396,10.2,6,2
2135739397,3.9,6,0
2135739398,7.9,5,0
2135739399,2.9,9,3
2135739400,8.2,4,1
2135739401,4.8,3,0
2135739402,5.6,5,0
2135739403,3.6,4,2
2135739404,6.3,4,-1
2135739405,6.0,7,-1
2135739406,4.8,2,0
2135739407,1.9,7,1
2135739408,7.2,5,1
2135739409,7.2,4,0
2135739410,10.2,7,3
2135739411,7.2,8,1
2135739412,4.2,3,0
2135739413,5.2,4,3
2135739414,5.0,1,3
2135739415,6.2,6,2
2135739416,3.8,4,0
2135739417,10.2,6,2
2135739418,6.5,4,-2
2135739419,4.7,6,0
2135739420,5.5,9,0
2135739421,9.8,6,1
2135739422,4.1,4,2
2135739423,8.0,7,-1
2135739424,7.2,7,3
2135739425,7.3,6,2
2135739426,8.0,6,1
2135739427,10.8,7,0
2135739428,8.4,9,2
2135739429,1.9,5,0
2135739430,3.4,9,1
2135739431,3.5,6,5
2135739432,6.8,6,-1
2135739433,9.0,8,0
2135739434,11.0,2,2
2135739435,8.6,7,0
2135739436,7.3,5,2
2135739437,8.7,7,-2
2135739438,4.0,4,-1
2135739439,5.1,4,4
2135739440,5.7,2,1
2135739441,6.2,8,1
2135739442,8.3,6,2
2135739443,7.9,2,0
2135739444,8.7,5,1
2135739445,5.5,6,5
2135739446,6.7,7,-2
2135739447,10.8,8,1
2135739448,1.1,6,2
2135739449,6.2,5,0
2135739450,5.2,9,2
2135739451,8.6,5,0
2135739452,7.8,7,3
2135739453,3.9,4,0
2135739454,4.8,8,2
2135739455,6.8,6,0
2135739456,10.5,3,0
2135739457,8.3,4,-2
2135739458,7.3,8,2
2135739459,8.0,1,5
2135739460,7.2,2,2
2135739461,6.2,2,1
2135739462,7.5,10,2
2135739463,6.8,3,1
2135739464,5.2,5,4
2135739465,6.5,4,4
2135739466,5.8,6,1
2135739467,4.5,5,1
2135739468,5.2,4,3
2135739469,9.8,6,0
2135739470,4.5,8,1
2135739471,7.9,4,2
2135739472,7.1,4,1
2135739473,4.1,9,4
2135739474,6.7,3,2
2135739475,4.0,5,1
2135739476,2.5,2,3
2135739477,6.3,5,2
2135739478,5.8,6,-1
2135739479,4.3,6,0
2135739480,3.8,6,0
2135739481,11.4,7,1
2135739482,5.0,4,0
2135739483,7.0,7,2
2135739484,3.2,9,1
2135739485,3.0,6,3
2135739486,3.4,6,1
2135739487,8.8,3,1
2135739488,1.9,3,0
2135739489,5.5,2,-1
2135739490,4.6,9,1
2135739491,3.0,7,0
2135739492,4.0,3,0
2135739493,7.5,2,0
2135739494,6.7,5,2
2135739495,7.4,7,-1
2135739496,4.5,7,1
2135739497,5.5,10,1
2135739498,8.0,5,3
2135739499,3.9,7,0
2135739500,11.2,3,2
2135739501,3.9,6,-2
2135739502,5.5,3,1
2135739503,8.2,8,1
2135739504,4.2,3,0
2135739505,5.1,6,-2
2135739506,7.8,6,0
2135739507,8.1,7,2
2135739508,4.9,5,2
2135739509,7.5,6,2
2135739510,6.5,6,2
2135739511,7.0,8,-1
2135739512,2.9,7,2
2135739513,8.0,3,0
2135739514,8.7,4,0
2135739515,1.1,7,0
2135739516,3.5,6,2
2135739517,6.0,5,0
2135739518,8.3,6,1
2135739519,7.6,10,3
2135739520,1.6,3,1
2135739521,7.1,4,1
2135739522,8.7,5,0
2135739523,4.5,5,1
2135739524,2.4,5,4
2135739525,6.3,4,3
2135739526,8.2,8,-1
2135739527,10.6,5,0
2135739528,6.1,3,0
2135739529,9.4,5,1
2135739530,7.8,3,3
2135739531,7.1,5,1
2135739532,8.2,4,0
2135739533,8.2,1,3
2135739534,1.0,7,-1
2135739535,10.0,5,3
2135739536,9.7,5,2
2135739537,6.5,7,3
2135739538,7.1,4,3
2135739539,4.5,5,0
2135739540,7.7,6,5
2135739541,4.4,8,3
2135739542,9.4,3,3
2135739543,8.1,4,0
2135739544,3.3,7,1
2135739545,10.6,5,0
2135739546,6.4,5,3
2135739547,6.9,8,1
2135739548,4.7,6,3
2135739549,9.1,7,3
2135739550,10.1,6,2
2135739551,5.8,4,-1
2135739552,4.9,5,4
2135739553,6.0,3,0
2135739554,8.8,9,0
2135739555,5.3,7,3
2135739556,7.8,8,0
2135739557,6.8,8,2
2135739558,4.6,8,2
2135739559,2.2,4,0
2135739560,7.3,5,4
2135739561,2.4,3,1
2135739562,5.2,6,2
2135739563,7.0,5,2
2135739564,5.6,7,0
2135739565,5.8,2,2
2135739566,3.0,9,5
2135739567,6.5,5,-2
2135739568,3.9,3,1
2135739569,2.8,4,0
2135739570,7.9,3,3
2135739571,8.4,4,1
2135739572,7.8,5,0
2135739573,11.2,8,3
2135739574,3.5,5,0
2135739575,9.8,5,3
2135739576,6.7,7,2
2135739577,5.1,6,5
2135739578,7.3,3,1
2135739579,7.7,4,0
2135739580,6.8,9,3
2135739581,8.7,2,5
2135739582,6.8,4,3
2135739583,10.3,5,3
2135739584,9.7,7,0
2135739585,5.8,5,1
2135739586,6.0,7,0
2135739587,4.0,8,-1
2135739588,7.7,3,1
2135739589,4.3,7,0
2135739590,4.0,5,2
2135739591,3.9,5,4
2135739592,7.8,7,-1
2135739593,7.0,5,4
2135739594,7.2,4,0
2135739595,8.9,8,4
2135739596,6.9,2,0
2135739597,2.8,4,0
2135739598,6.0,7,2
2135739599,2.3,5,2
2135739600,5.3,4,2
2135739601,3.0,9,-1
2135739602,4.0,6,1
2135739603,6.5,7,2
2135739604,6.7,4,0
2135739605,9.4,6,-1
2135739606,4.3,9,0
2135739607,9.3,1,1
2135739608,3.1,2,3
2135739609,9.7,2,2
2135739610,6.3,4,-1
2135739611,6.8,4,4
2135739612,4.0,5,2
2135739613,6.7,6,3
2135739614,7.0,8,0
2135739615,5.7,4,2
2135739616,2.1,8,2
2135739617,6.6,8,3
2135739618,8.2,4,1
2135739619,6.6,5,2
2135739620,3.9,7,2
2135739621,6.0,4,0
2135739622,7.3,5,1
2135739623,3.5,4,1
2135739624,9.9,5,1
2135739625,4.4,4,3
2135739626,6.0,3,0
2135739627,6.8,7,1
2135739628,10.6,5,3
2135739629,6.2,4,4
2135739630,8.8,8,0
2135739631,8.7,4,3
2135739632,6.3,6,0
2135739633,7.0,6,4
2135739634,7.7,7,-2
2135739635,8.4,5,0
2135739636,5.5,6,2
2135739637,4.3,5,0
2135739638,5.5,5,0
2135739639,4.2,5,0
2135739640,7.3,7,2
2135739641,2.8,5,3
2135739642,10.1,2,5
2135739643,3.1,6,1
2135739644,9.7,2,0
2135739645,5.0,9,1
2135739646,9.6,5,0
2135739647,6.0,5,2
2135739648,9.5,7,2
2135739649,9.2,7,1
2135739650,8.9,8,0
2135739651,5.2,8,1
2135739652,6.0,5,2
2135739653,7.0,8,2
2135739654,5.4,5,2
2135739655,8.6,6,3
2135739656,5.7,8,-1
2135739657,7.4,5,0
2135739658,6.8,7,1
2135739659,7.2,7,0
2135739660,9.9,5,3
2135739661,8.7,8,0
2135739662,5.0,5,0
2135739663,8.3,6,4
2135739664,9.1,6,3
2135739665,5.0,8,0
2135739666,6.2,4,0
2135739667,8.6,4,0
2135739668,4.0,8,0
2135739669,10.9,4,-1
2135739670,7.5,9,4
2135739671,3.6,6,1
2135739672,4.2,3,2
2135739673,1.1,7,1
2135739674,8.7,4,2
2135739675,3.8,9,1
2135739676,5.6,5,2
2135739677,4.7,7,2
2135739678,11.0,8,1
2135739679,10.2,2,4
2135739680,6.0,5,1
2135739681,3.0,5,-1
2135739682,6.0,5,0
2135739683,3.1,1,0
2135739684,6.4,5,2
2135739685,6.6,4,5
2135739686,7.3,8,0
2135739687,7.7,4,0
2135739688,9.2,7,3
2135739689,3.4,2,-2
2135739690,9.4,3,1
2135739691,8.8,5,3
2135739692,3.5,7,0
2135739693,8.6,4,2
2135739694,11.3,4,1
2135739695,6.5,7,-1
2135739696,6.0,6,4
2135739697,8.3,4,3
2135739698,7.6,7,2
2135739699,5.1,5,0
2135739700,7.7,5,3
2135739701,8.3,6,1
2135739702,5.0,6,0
2135739703,4.5,6,4
2135739704,10.2,8,1
2135739705,7.5,5,2
2135739706,10.2,4,0
2135739707,3.8,4,0
2135739708,10.8,4,0
2135739709,6.8,7,3
2135739710,9.0,7,-1
2135739711,3.9,10,2
2135739712,3.2,6,-1
2135739713,5.6,9,5
2135739714,8.4,4,2
2135739715,6.5,6,0
2135739716,8.1,9,3
2135739717,3.8,6,-2
2135739718,10.3,6,0
2135739719,8.2,7,1
2135739720,7.3,8,3
2135739721,4.3,2,4
2135739722,9.3,6,2
2135739723,9.8,4,0
2135739724,4.3,3,0
2135739725,4.9,6,2
2135739726,8.7,7,0
2135739727,6.5,9,0
2135739728,8.6,2,2
2135739729,6.0,8,3
2135739730,10.5,7,2
2135739731,9.3,7,0
2135739732,5.2,3,1
2135739733,7.2,3,3
2135739734,4.2,8,0
2135739735,10.3,5,5
2135739736,3.8,4,3
2135739737,7.9,4,0
2135739738,5.5,6,2
2135739739,4.9,5,-1
2135739740,6.2,3,3
2135739741,3.6,9,0
2135739742,5.1,6,1
2135739743,10.3,3,1
2135739744,2.4,5,0
2135739745,4.0,3,3
2135739746,7.5,9,0
2135739747,4.5,3,4
2135739748,6.8,3,4
2135739749,7.2,5,0
2135739750,3.5,7,3
2135739751,4.0,6,2
2135739752,6.8,5,0
2135739753,6.9,5,2
2135739754,4.6,7,0
2135739755,7.1,6,1
2135739756,7.3,6,3
2135739757,6.8,6,-1
2135739758,6.3,3,-1
2135739759,8.6,7,0
2135739760,5.6,3,1
2135739761,7.7,10,3
2135739762,4.0,6,1
2135739763,7.3,3,2
2135739764,7.8,8,0
2135739765,10.2,2,0
2135739766,9.4,9,3
2135739767,5.5,5,2
2135739768,5.2,8,1
2135739769,8.6,2,-2
2135739770,1.6,9,-2
2135739771,3.4,4,0
2135739772,9.1,8,1
2135739773,6.0,7,1
2135739774,9.6,8,5
2135739775,5.7,2,0
2135739776,4.8,3,0
2135739777,2.2,7,1
2135739778,5.1,4,4
2135739779,6.8,5,1
2135739780,5.8,7,0
2135739781,7.2,5,5
2135739782,5.2,2,3
2135739783,6.1,3,2
2135739784,6.0,6,2
2135739785,10.8,4,3
2135739786,10.2,9,0
2135739787,9.4,3,1
2135739788,3.5,7,1
2135739789,5.3,4,-2
2135739790,2.8,5,0
2135739791,8.8,5,2
2135739792,5.8,4,0
2135739793,7.8,9,3
2135739794,4.0,4,0
2135739795,5.1,1,1
2135739796,6.6,3,1
2135739797,7.7,4,4
2135739798,9.6,6,2
2135739799,8.2,1,2
2135739800,7.4,8,2
2135739801,5.2,4,1
2135739802,7.0,8,1
2135739803,7.5,7,1
2135739804,6.2,5,1
2135739805,4.0,5,4
2135739806,6.9,2,1
2135739807,5.0,6,0
2135739808,8.1,5,-1
2135739809,4.5,7,-2
2135739810,8.8,6,0
2135739811,6.3,7,-2
2135739812,3.5,7,0
2135739813,6.2,3,-1
2135739814,8.6,6,3
2135739815,9.2,4,2
2135739816,7.0,6,2
2135739817,5.2,5,0
2135739818,7.9,7,0
2135739819,11.2,10,0
2135739820,8.2,3,1
2135739821,10.2,5,2
2135739822,4.1,3,3
2135739823,3.3,5,2
2135739824,7.6,6,2
2135739825,7.9,6,2
2135739826,9.1,3,4
2135739827,2.9,5,3
2135739828,8.3,5,3
2135739829,7.3,3,1
2135739830,6.3,5,1
2135739831,2.6,7,0
2135739832,6.6,2,2
2135739833,7.0,5,1
2135739834,6.5,7,0
2135739835,5.3,5,2
2135739836,6.7,5,0
2135739837,10.9,7,0
2135739838,10.2,4,0
2135739839,9.7,4,2
2135739840,7.9,4,2
2135739841,4.1,3,0
2135739842,6.8,7,3
2135739843,3.4,7,5
2135739844,3.9,6,3
2135739845,3.1,7,3
2135739846,6.3,3,2
2135739847,6.2,2,1
2135739848,9.1,5,4
2135739849,5.5,4,2
2135739850,8.7,5,-1
2135739851,8.1,3,3
2135739852,8.5,5,1
2135739853,2.9,7,-1
2135739854,3.0,6,3
2135739855,10.4,2,1
2135739856,2.8,5,0
2135739857,9.2,6,2
2135739858,8.2,3,2
2135739859,8.9,4,2
2135739860,7.5,7,0
2135739861,4.8,8,-1
2135739862,11.2,7,2
2135739863,7.4,6,4
2135739864,7.5,5,4
2135739865,7.8,4,1
2135739866,7.9,5,2
2135739867,8.2,6,0
2135739868,4.0,4,3
2135739869,3.5,4,0
2135739870,5.3,2,2
2135739871,7.8,2,2
2135739872,2.4,3,1
2135739873,7.6,6,2
2135739874,8.7,6,1
2135739875,9.7,5,0
2135739876,1.9,6,1
2135739877,6.6,7,3
2135739878,9.8,6,4
2135739879,3.8,8,1
2135739880,5.7,3,0
2135739881,9.1,1,1
2135739882,4.0,7,0
2135739883,8.8,7,3
2135739884,7.1,6,3
2135739885,2.2,5,0
2135739886,7.9,8,0
2135739887,6.5,4,1
2135739888,6.2,5,3
2135739889,4.3,8,3
2135739890,4.5,2,2
2135739891,6.0,9,4
2135739892,2.4,6,2
2135739893,3.9,9,1
2135739894,9.2,8,0
2135739895,7.9,5,3
2135739896,5.6,5,3
2135739897,4.5,7,3
2135739898,8.1,6,1
2135739899,6.8,7,4
2135739900,5.7,2,1
2135739901,6.5,7,2
2135739902,5.0,4,0
2135739903,7.0,2,2
2135739904,3.5,6,0
2135739905,5.7,6,1
2135739906,5.9,8,2
2135739907,5.9,6,3
2135739908,3.8,5,1
2135739909,7.3,3,1
2135739910,6.2,6,3
2135739911,2.6,4,0
2135739912,2.8,5,3
2135739913,8.6,7,0
2135739914,5.2,7,0
2135739915,8.1,5,1
2135739916,6.0,6,1
2135739917,9.2,5,4
2135739918,2.4,7,3
2135739919,2.1,6,1
2135739920,6.3,3,1
2135739921,3.9,1,4
2135739922,5.7,7,1
2135739923,8.8,6,0
2135739924,5.1,5,-1
2135739925,6.9,8,1
2135739926,8.1,7,2
2135739927,7.4,7,2
2135739928,7.5,2,1
2135739929,5.8,2,2
2135739930,5.3,2,4
2135739931,11.1,5,1
2135739932,4.8,10,2
2135739933,3.4,4,3
2135739934,2.6,7,0
2135739935,8.6,3,2
2135739936,4.7,7,2
2135739937,9.8,4,0
2135739938,5.5,6,2
2135739939,4.4,8,0
2135739940,5.5,3,0
2135739941,8.4,3,2
2135739942,6.7,5,0
2135739943,8.4,5,0
2135739944,10.2,4,1
2135739945,6.2,2,3
2135739946,5.2,5,0
2135739947,5.7,5,1
2135739948,5.7,8,1
2135739949,5.0,10,3
2135739950,9.5,4,3
2135739951,5.5,6,0
2135739952,5.3,4,-1
2135739953,3.2,8,0
2135739954,8.2,7,3
2135739955,4.3,4,-1
2135739956,8.7,3,2
2135739957,4.6,4,-2
2135739958,3.9,2,5
2135739959,6.2,3,0
2135739960,3.0,5,0
2135739961,8.9,8,1
2135739962,4.6,6,2
2135739963,9.0,2,0
2135739964,5.5,5,1
2135739965,5.8,6,1
2135739966,7.8,5,0
2135739967,6.7,5,2
2135739968,2.0,6,1
2135739969,9.1,6,1
2135739970,6.5,3,1
2135739971,5.6,3,1
2135739972,4.4,2,2
2135739973,9.6,6,2
2135739974,4.6,3,5
2135739975,3.4,5,1
2135739976,7.8,3,3
2135739977,5.3,1,1
2135739978,4.6,5,3
2135739979,9.6,6,1
2135739980,8.4,7,1
2135739981,4.2,5,-2
2135739982,6.6,1,1
2135739983,4.4,9,0
2135739984,4.2,4,2
2135739985,8.3,7,4
2135739986,8.6,5,3
2135739987,8.6,7,2
2135739988,6.2,4,3
2135739989,8.0,10,2
2135739990,4.8,5,2
2135739991,5.5,3,0
2135739992,6.6,5,4
2135739993,2.9,7,2
2135739994,6.4,5,0
2135739995,5.1,5,-1
2135739996,4.5,6,0
2135739997,3.6,7,3
2135739998,2.3,7,-1
2135739999,6.9,3,3
2135740000,7.2,4,0
2135740001,4.7,8,1
2135740002,6.0,4,1
2135740003,8.1,5,4
2135740004,10.1,3,2
2135740005,9.4,4,4
2135740006,6.6,7,0
2135740007,2.2,8,2
2135740008,5.6,7,3
2135740009,4.2,7,3
2135740010,5.8,5,1
2135740011,4.8,6,2
2135740012,6.2,5,1
2135740013,8.3,7,3
2135740014,8.8,7,0
2135740015,8.9,3,0
2135740016,7.5,7,2
2135740017,6.1,9,2
2135740018,4.4,4,-1
2135740019,9.7,5,2
2135740020,6.5,1,0
2135740021,7.8,8,1
2135740022,10.4,6,-1
2135740023,5.9,3,2
2135740024,8.7,5,4
2135740025,5.8,5,2
2135740026,5.5,6,3
2135740027,5.8,4,1
2135740028,5.7,8,1
2135740029,6.8,6,-2
2135740030,4.1,5,1
2135740031,5.7,4,1
2135740032,7.0,2,1
2135740033,9.2,4,2
2135740034,8.1,7,1
2135740035,4.7,7,0
2135740036,2.9,4,0
2135740037,4.6,7,-1
2135740038,3.5,3,-2
2135740039,5.9,5,2
2135740040,6.2,5,1
2135740041,2.6,4,1